{
  "w_rule": 0.445155,
  "w_if": 0.294337,
  "w_lstm": 0.260508,
  "threshold": 0.3
}